-- CustomerType
INSERT INTO CustomerType (type) VALUES ('Individual');
INSERT INTO CustomerType (type) VALUES ('Company');
-- Address and Customers
INSERT INTO Address (address_id, address_name, zip_code, town_name, country_name) VALUES (0,'Tv. Augusto Lessa 23','4200-047','Porto','Portugal');
INSERT INTO Customer (customer_id, name, vatin, address_id, type_id, email_address, phone_number) VALUES (456,'Carvalho & Carvalho, Lda','PT501245987',0,'Company','idont@care.com','003518340500');
INSERT INTO Address (address_id, address_name, zip_code, town_name, country_name) VALUES (1,'R. Dr. Barros 93','4465-219','São Mamede de Infesta','Portugal');
INSERT INTO Customer (customer_id, name, vatin, address_id, type_id, email_address, phone_number) VALUES (785,'Tudo para a casa, Lda','PT501245488',1,'Company','me@neither.com','003518340500');
INSERT INTO Address (address_id, address_name, zip_code, town_name, country_name) VALUES (2,'EDIFICIO CRISTAL lj18, R. António Correia de Carvalho 88','4400-023','Vila Nova de Gaia','Portugal');
INSERT INTO Customer (customer_id, name, vatin, address_id, type_id, email_address, phone_number) VALUES (657,'Sair de Cena','PT501242417',2,'Company','some@email.com','003518340500');
INSERT INTO Address (address_id, address_name, zip_code, town_name, country_name) VALUES (3,'Křemencova 11','110 00','Nové Město','Czechia');
INSERT INTO Customer (customer_id, name, vatin, address_id, type_id, email_address, phone_number) VALUES (348,'U Fleku','CZ6451237810',3,'Company','some.random@email.cz','004201234567');
-- Products
INSERT INTO ProductFamily (product_family_name) VALUES ('Pro Line pots');
INSERT INTO ProductFamily (product_family_name) VALUES ('La Belle pots');
INSERT INTO ProductFamily (product_family_name) VALUES ('Pro Line pans');
INSERT INTO ProductFamily (product_family_name) VALUES ('Pro Line lids');
INSERT INTO ProductFamily (product_family_name) VALUES ('Pro Clear lids');
INSERT INTO Product (product_id, product_name, product_family_name, description) VALUES ('AS12945T22', 'La Belle 22 5l pot', 'La Belle pots', '5l 22 cm aluminium and teflon non stick pot');
INSERT INTO Product (product_id, product_name, product_family_name, description) VALUES ('AS12945S22', 'Pro 22 5l pot', 'Pro Line pots', '5l 22 cm stainless steel pot');
INSERT INTO Product (product_id, product_name, product_family_name, description) VALUES ('AS12945S20', 'Pro 20 3l pot', 'Pro Line pots', '3l 20 cm stainless steel pot');
INSERT INTO Product (product_id, product_name, product_family_name, description) VALUES ('AS12945S17', 'Pro 17 2l pot', 'Pro Line pots', '2l 17 cm stainless steel pot');
INSERT INTO Product (product_id, product_name, product_family_name, description) VALUES ('AS12945P17', 'Pro 17 2l sauce pan', 'Pro Line pans', '2l 17 cm stainless steel souce pan');
INSERT INTO Product (product_id, product_name, product_family_name, description) VALUES ('AS12945S48', 'Pro 17 lid', 'Pro Line lids', '17 cm stainless steel lid');
INSERT INTO Product (product_id, product_name, product_family_name, description) VALUES ('AS12945G48', 'Pro Clear 17 lid', 'Pro Clear lids', '17 cm glass lid');
-- Orders
INSERT INTO CustomerOrder (order_id, customer_id, date_order, date_delivery) VALUES (1, 785, TO_DATE('15/09/2024','DD/MM/YYYY'), TO_DATE('23/09/2024', 'DD/MM/YYYY'));
INSERT INTO CustomerOrderProductList (order_id, product_id, quantity) VALUES (1, 'AS12945S22', 5);
INSERT INTO CustomerOrderProductList (order_id, product_id, quantity) VALUES (1, 'AS12945S20', 15);
INSERT INTO CustomerOrder (order_id, customer_id, date_order, date_delivery) VALUES (2, 657, TO_DATE('15/09/2024','DD/MM/YYYY'), TO_DATE('26/09/2024', 'DD/MM/YYYY'));
INSERT INTO CustomerOrderProductList (order_id, product_id, quantity) VALUES (2, 'AS12945S22', 10);
INSERT INTO CustomerOrderProductList (order_id, product_id, quantity) VALUES (2, 'AS12945P17', 20);
INSERT INTO CustomerOrder (order_id, customer_id, date_order, date_delivery) VALUES (3, 348, TO_DATE('15/09/2024','DD/MM/YYYY'), TO_DATE('25/09/2024', 'DD/MM/YYYY'));
INSERT INTO CustomerOrderProductList (order_id, product_id, quantity) VALUES (3, 'AS12945S22', 10);
INSERT INTO CustomerOrderProductList (order_id, product_id, quantity) VALUES (3, 'AS12945S20', 10);
INSERT INTO CustomerOrder (order_id, customer_id, date_order, date_delivery) VALUES (4, 785, TO_DATE('18/09/2024','DD/MM/YYYY'), TO_DATE('25/09/2024', 'DD/MM/YYYY'));
INSERT INTO CustomerOrderProductList (order_id, product_id, quantity) VALUES (4, 'AS12945S20', 24);
INSERT INTO CustomerOrderProductList (order_id, product_id, quantity) VALUES (4, 'AS12945S22', 16);
INSERT INTO CustomerOrderProductList (order_id, product_id, quantity) VALUES (4, 'AS12945S17', 8);
INSERT INTO CustomerOrder (order_id, customer_id, date_order, date_delivery) VALUES (5, 657, TO_DATE('18/09/2024','DD/MM/YYYY'), TO_DATE('25/09/2024', 'DD/MM/YYYY'));
INSERT INTO CustomerOrderProductList (order_id, product_id, quantity) VALUES (5, 'AS12945S22', 12);
INSERT INTO CustomerOrder (order_id, customer_id, date_order, date_delivery) VALUES (6, 348, TO_DATE('18/09/2024','DD/MM/YYYY'), TO_DATE('26/09/2024', 'DD/MM/YYYY'));
INSERT INTO CustomerOrderProductList (order_id, product_id, quantity) VALUES (6, 'AS12945S17', 8);
INSERT INTO CustomerOrderProductList (order_id, product_id, quantity) VALUES (6, 'AS12945P17', 16);
INSERT INTO CustomerOrder (order_id, customer_id, date_order, date_delivery) VALUES (7, 456, TO_DATE('21/09/2024','DD/MM/YYYY'), TO_DATE('26/09/2024', 'DD/MM/YYYY'));
INSERT INTO CustomerOrderProductList (order_id, product_id, quantity) VALUES (7, 'AS12945S22', 8);
-- WorkstationTypes
INSERT INTO WorkstationType (type_id, type_name) VALUES ('A4578', '600t cold forging stamping press');
INSERT INTO WorkstationType (type_id, type_name) VALUES ('A4588', '600t cold forging precision stamping press');
INSERT INTO WorkstationType (type_id, type_name) VALUES ('A4598', '1000t cold forging precision stamping press');
INSERT INTO WorkstationType (type_id, type_name) VALUES ('S3271', 'Handle rivet');
INSERT INTO WorkstationType (type_id, type_name) VALUES ('K3675', 'Packaging');
INSERT INTO WorkstationType (type_id, type_name) VALUES ('K3676', 'Packaging for large itens');
INSERT INTO WorkstationType (type_id, type_name) VALUES ('C5637', 'Border trimming');
INSERT INTO WorkstationType (type_id, type_name) VALUES ('D9123', 'Spot welding');
INSERT INTO WorkstationType (type_id, type_name) VALUES ('Q5478', 'Teflon application station');
INSERT INTO WorkstationType (type_id, type_name) VALUES ('Q3547', 'Stainless steel polishing');
INSERT INTO WorkstationType (type_id, type_name) VALUES ('T3452', 'Assembly T1');
INSERT INTO WorkstationType (type_id, type_name) VALUES ('G9273', 'Circular glass cutting');
INSERT INTO WorkstationType (type_id, type_name) VALUES ('G9274', 'Glass trimming');
-- Workstations
INSERT INTO Workstation (workstation_id, workstation_type_id, name, description) VALUES (9875, 'A4578', 'Press 01', '220-630t cold forging press');
INSERT INTO Workstation (workstation_id, workstation_type_id, name, description) VALUES (9886, 'A4578', 'Press 02', '220-630t cold forging press');
INSERT INTO Workstation (workstation_id, workstation_type_id, name, description) VALUES (9847, 'A4588', 'Press 03', '220-630t precision cold forging press');
INSERT INTO Workstation (workstation_id, workstation_type_id, name, description) VALUES (9855, 'A4588', 'Press 04', '160-1000t precison cold forging press');
INSERT INTO Workstation (workstation_id, workstation_type_id, name, description) VALUES (8541, 'S3271', 'Rivet 02', 'Rivet station');
INSERT INTO Workstation (workstation_id, workstation_type_id, name, description) VALUES (8543, 'S3271', 'Rivet 03', 'Rivet station');
INSERT INTO Workstation (workstation_id, workstation_type_id, name, description) VALUES (6814, 'K3675', 'Packaging 01', 'Packaging station');
INSERT INTO Workstation (workstation_id, workstation_type_id, name, description) VALUES (6815, 'K3675', 'Packaging 02', 'Packaging station');
INSERT INTO Workstation (workstation_id, workstation_type_id, name, description) VALUES (6816, 'K3675', 'Packaging 03', 'Packaging station');
INSERT INTO Workstation (workstation_id, workstation_type_id, name, description) VALUES (6821, 'K3675', 'Packaging 04', 'Packaging station');
INSERT INTO Workstation (workstation_id, workstation_type_id, name, description) VALUES (6822, 'K3676', 'Packaging 05', 'Packaging station');
INSERT INTO Workstation (workstation_id, workstation_type_id, name, description) VALUES (8167, 'D9123', 'Welding 01', 'Spot welding staion');
INSERT INTO Workstation (workstation_id, workstation_type_id, name, description) VALUES (8170, 'D9123', 'Welding 02', 'Spot welding staion');
INSERT INTO Workstation (workstation_id, workstation_type_id, name, description) VALUES (8171, 'D9123', 'Welding 03', 'Spot welding staion');
INSERT INTO Workstation (workstation_id, workstation_type_id, name, description) VALUES (7235, 'T3452', 'Assembly 01', 'Product assembly station');
INSERT INTO Workstation (workstation_id, workstation_type_id, name, description) VALUES (7236, 'T3452', 'Assembly 02', 'Product assembly station');
INSERT INTO Workstation (workstation_id, workstation_type_id, name, description) VALUES (7238, 'T3452', 'Assembly 03', 'Product assembly station');
INSERT INTO Workstation (workstation_id, workstation_type_id, name, description) VALUES (5124, 'C5637', 'Trimming 01', 'Metal trimming station');
INSERT INTO Workstation (workstation_id, workstation_type_id, name, description) VALUES (4123, 'Q3547', 'Polishing 01', 'Metal polishing station');
INSERT INTO Workstation (workstation_id, workstation_type_id, name, description) VALUES (4124, 'Q3547', 'Polishing 02', 'Metal polishing station');
INSERT INTO Workstation (workstation_id, workstation_type_id, name, description) VALUES (4125, 'Q3547', 'Polishing 03', 'Metal polishing station');
-- Operations and WorkstationTypeOperations
INSERT INTO Operation (operation_id, description) VALUES (5647, 'Disc cutting');
INSERT INTO WorkstationTypeOperation(operation_id, workstation_type_id) VALUES (5647, 'A4578');
INSERT INTO WorkstationTypeOperation(operation_id, workstation_type_id) VALUES (5647, 'A4588');
INSERT INTO WorkstationTypeOperation(operation_id, workstation_type_id) VALUES (5647, 'A4598');
INSERT INTO Operation (operation_id, description) VALUES (5649, 'Initial pot base pressing');
INSERT INTO WorkstationTypeOperation(operation_id, workstation_type_id) VALUES (5649, 'A4588');
INSERT INTO WorkstationTypeOperation(operation_id, workstation_type_id) VALUES (5649, 'A4598');
INSERT INTO Operation (operation_id, description) VALUES (5651, 'Final pot base pressing');
INSERT INTO WorkstationTypeOperation(operation_id, workstation_type_id) VALUES (5651, 'A4588');
INSERT INTO WorkstationTypeOperation(operation_id, workstation_type_id) VALUES (5651, 'A4598');
INSERT INTO Operation (operation_id, description) VALUES (5653, 'Pot base finishing');
INSERT INTO WorkstationTypeOperation(operation_id, workstation_type_id) VALUES (5653, 'C5637');
INSERT INTO Operation (operation_id, description) VALUES (5655, 'Lid pressing');
INSERT INTO WorkstationTypeOperation(operation_id, workstation_type_id) VALUES (5655, 'A4588');
INSERT INTO WorkstationTypeOperation(operation_id, workstation_type_id) VALUES (5655, 'A4598');
INSERT INTO Operation (operation_id, description) VALUES (5657, 'Lid finishing');
INSERT INTO WorkstationTypeOperation(operation_id, workstation_type_id) VALUES (5657, 'C5637');
INSERT INTO Operation (operation_id, description) VALUES (5659, 'Pot handles riveting');
INSERT INTO WorkstationTypeOperation(operation_id, workstation_type_id) VALUES (5659, 'S3271');
INSERT INTO Operation (operation_id, description) VALUES (5661, 'Lid handle screw');
INSERT INTO WorkstationTypeOperation(operation_id, workstation_type_id) VALUES (5661, 'T3452');
INSERT INTO Operation (operation_id, description) VALUES (5663, 'Pot test and packaging');
INSERT INTO WorkstationTypeOperation(operation_id, workstation_type_id) VALUES (5663, 'K3675');
INSERT INTO Operation (operation_id, description) VALUES (5665, 'Handle welding');
INSERT INTO WorkstationTypeOperation(operation_id, workstation_type_id) VALUES (5665, 'D9123');
INSERT INTO Operation (operation_id, description) VALUES (5667, 'Lid polishing');
INSERT INTO WorkstationTypeOperation(operation_id, workstation_type_id) VALUES (5667, 'Q3547');
INSERT INTO Operation (operation_id, description) VALUES (5669, 'Pot base polishing');
INSERT INTO WorkstationTypeOperation(operation_id, workstation_type_id) VALUES (5669, 'Q3547');
INSERT INTO Operation (operation_id, description) VALUES (5671, 'Teflon painting');
INSERT INTO WorkstationTypeOperation(operation_id, workstation_type_id) VALUES (5671, 'Q5478');
INSERT INTO Operation (operation_id, description) VALUES (5681, 'Initial pan base pressing');
INSERT INTO WorkstationTypeOperation(operation_id, workstation_type_id) VALUES (5681, 'A4588');
INSERT INTO WorkstationTypeOperation(operation_id, workstation_type_id) VALUES (5681, 'A4598');
INSERT INTO Operation (operation_id, description) VALUES (5682, 'Final pan base pressing');
INSERT INTO WorkstationTypeOperation(operation_id, workstation_type_id) VALUES (5682, 'A4588');
INSERT INTO WorkstationTypeOperation(operation_id, workstation_type_id) VALUES (5682, 'A4598');
INSERT INTO Operation (operation_id, description) VALUES (5683, 'Pan base finishing');
INSERT INTO WorkstationTypeOperation(operation_id, workstation_type_id) VALUES (5683, 'C5637');
INSERT INTO Operation (operation_id, description) VALUES (5688, 'Pan test and packaging');
INSERT INTO WorkstationTypeOperation(operation_id, workstation_type_id) VALUES (5688, 'K3675');
-- Bill of Operations
INSERT INTO BillOfOperations (product_family_name, operation_id, sequence_number) VALUES ('Pro Line pots', 5647, 1);
INSERT INTO BillOfOperations (product_family_name, operation_id, sequence_number) VALUES ('Pro Line pots', 5647, 2);
INSERT INTO BillOfOperations (product_family_name, operation_id, sequence_number) VALUES ('Pro Line pots', 5649, 3);
INSERT INTO BillOfOperations (product_family_name, operation_id, sequence_number) VALUES ('Pro Line pots', 5651, 4);
INSERT INTO BillOfOperations (product_family_name, operation_id, sequence_number) VALUES ('Pro Line pots', 5653, 5);
INSERT INTO BillOfOperations (product_family_name, operation_id, sequence_number) VALUES ('Pro Line pots', 5659, 6);
INSERT INTO BillOfOperations (product_family_name, operation_id, sequence_number) VALUES ('Pro Line pots', 5669, 7);
INSERT INTO BillOfOperations (product_family_name, operation_id, sequence_number) VALUES ('Pro Line pots', 5655, 8);
INSERT INTO BillOfOperations (product_family_name, operation_id, sequence_number) VALUES ('Pro Line pots', 5657, 9);
INSERT INTO BillOfOperations (product_family_name, operation_id, sequence_number) VALUES ('Pro Line pots', 5661, 10);
INSERT INTO BillOfOperations (product_family_name, operation_id, sequence_number) VALUES ('Pro Line pots', 5667, 11);
INSERT INTO BillOfOperations (product_family_name, operation_id, sequence_number) VALUES ('Pro Line pots', 5663, 12);
INSERT INTO BillOfOperations (product_family_name, operation_id, sequence_number) VALUES ('Pro Line pans', 5681, 1);
INSERT INTO BillOfOperations (product_family_name, operation_id, sequence_number) VALUES ('Pro Line pans', 5682, 2);
INSERT INTO BillOfOperations (product_family_name, operation_id, sequence_number) VALUES ('Pro Line pans', 5683, 3);
INSERT INTO BillOfOperations (product_family_name, operation_id, sequence_number) VALUES ('Pro Line pans', 5665, 4);
INSERT INTO BillOfOperations (product_family_name, operation_id, sequence_number) VALUES ('Pro Line pans', 5688, 5);
-- Bill of Materials
INSERT INTO Product (product_id, product_name, description) VALUES ('PN12344A21', 'Screw M6 35 mm', 'Screw M6 35 mm');
INSERT INTO BillOfMaterials (product_id, component_id, quantity) VALUES ('AS12945S22', 'PN12344A21', 1);
INSERT INTO Product (product_id, product_name, description) VALUES ('PN52384R50', '300x300 mm 5mm stainless steel sheet', '300x300 mm 5mm stainless steel sheet');
INSERT INTO BillOfMaterials (product_id, component_id, quantity) VALUES ('AS12945S22', 'PN52384R50', 1);
INSERT INTO Product (product_id, product_name, description) VALUES ('PN52384R10', '300x300 mm 1mm stainless steel sheet', '300x300 mm 1mm stainless steel sheet');
INSERT INTO BillOfMaterials (product_id, component_id, quantity) VALUES ('AS12945S22', 'PN52384R10', 1);
INSERT INTO Product (product_id, product_name, description) VALUES ('PN18544A21', 'Rivet 6 mm', 'Rivet 6 mm');
INSERT INTO BillOfMaterials (product_id, component_id, quantity) VALUES ('AS12945S22', 'PN18544A21', 4);
INSERT INTO Product (product_id, product_name, description) VALUES ('PN18544C21', 'Stainless steel handle model U6', 'Stainless steel handle model U6');
INSERT INTO BillOfMaterials (product_id, component_id, quantity) VALUES ('AS12945S22', 'PN18544C21', 2);
INSERT INTO Product (product_id, product_name, description) VALUES ('PN18324C54', 'Stainless steel handle model R12', 'Stainless steel handle model R12');
INSERT INTO BillOfMaterials (product_id, component_id, quantity) VALUES ('AS12945S22', 'PN18324C54', 1);
INSERT INTO BillOfMaterials (product_id, component_id, quantity) VALUES ('AS12945S20', 'PN12344A21', 1);
INSERT INTO BillOfMaterials (product_id, component_id, quantity) VALUES ('AS12945S20', 'PN52384R50', 1);
INSERT INTO BillOfMaterials (product_id, component_id, quantity) VALUES ('AS12945S20', 'PN52384R10', 1);
INSERT INTO BillOfMaterials (product_id, component_id, quantity) VALUES ('AS12945S20', 'PN18544A21', 4);
INSERT INTO BillOfMaterials (product_id, component_id, quantity) VALUES ('AS12945S20', 'PN18544C21', 2);
INSERT INTO Product (product_id, product_name, description) VALUES ('PN18324C51', 'Stainless steel handle model R11', 'Stainless steel handle model R11');
INSERT INTO BillOfMaterials (product_id, component_id, quantity) VALUES ('AS12945S20', 'PN18324C51', 1);
INSERT INTO BillOfMaterials (product_id, component_id, quantity) VALUES ('AS12945S17', 'PN12344A21', 1);
INSERT INTO Product (product_id, product_name, description) VALUES ('PN52384R45', '250x250 mm 5mm stainless steel sheet', '250x250 mm 5mm stainless steel sheet');
INSERT INTO BillOfMaterials (product_id, component_id, quantity) VALUES ('AS12945S17', 'PN52384R45', 1);
INSERT INTO Product (product_id, product_name, description) VALUES ('PN52384R12', '250x250 mm 1mm stainless steel sheet', '250x250 mm 1mm stainless steel sheet');
INSERT INTO BillOfMaterials (product_id, component_id, quantity) VALUES ('AS12945S17', 'PN52384R12', 1);
INSERT INTO BillOfMaterials (product_id, component_id, quantity) VALUES ('AS12945S17', 'PN18544A21', 4);
INSERT INTO BillOfMaterials (product_id, component_id, quantity) VALUES ('AS12945S17', 'PN18544C21', 2);
INSERT INTO BillOfMaterials (product_id, component_id, quantity) VALUES ('AS12945S17', 'PN18324C51', 1);
INSERT INTO BillOfMaterials (product_id, component_id, quantity) VALUES ('AS12945P17', 'PN52384R45', 1);
INSERT INTO Product (product_id, product_name, description) VALUES ('PN18324C91', 'Stainless steel handle model S26', 'Stainless steel handle model S26');
INSERT INTO BillOfMaterials (product_id, component_id, quantity) VALUES ('AS12945P17', 'PN18324C91', 1);
