-- CustomerType
INSERT INTO CustomerType VALUES (0, 'Individual');
INSERT INTO CustomerType VALUES (1, 'Company');
-- Address and Customers
INSERT INTO Address VALUES (0,'Tv. Augusto Lessa 23','4200-047','Porto','Portugal');
INSERT INTO Customer VALUES (456,'Carvalho & Carvalho, Lda','PT501245987',0,1,'idont@care.com','003518340500',1);
INSERT INTO Address VALUES (1,'R. Dr. Barros 93','4465-219','São Mamede de Infesta','Portugal');
INSERT INTO Customer VALUES (785,'Tudo para a casa, Lda','PT501245488',1,1,'me@neither.com','003518340500',1);
INSERT INTO Address VALUES (2,'EDIFICIO CRISTAL lj18, R. António Correia de Carvalho 88','4400-023','Vila Nova de Gaia','Portugal');
INSERT INTO Customer  VALUES (657,'Sair de Cena','PT501242417',2,1,'some@email.com','003518340500',1);
INSERT INTO Address VALUES (3,'Křemencova 11','110 00','Nové Město','Czechia');
INSERT INTO Customer VALUES (348,'U Fleku','CZ6451237810',3,1,'some.random@email.cz','004201234567',1);
-- Product Families
INSERT INTO ProductFamily VALUES (125, 'Pro Line pots');
INSERT INTO ProductFamily VALUES (131, 'La Belle pots');
INSERT INTO ProductFamily VALUES (132, 'Pro Line pans');
INSERT INTO ProductFamily VALUES (145, 'Pro Line lids');
INSERT INTO ProductFamily VALUES (146, 'Pro Clear lids');
INSERT INTO ProductFamily VALUES (130, 'Intermediate Products');
-- Workstation Types
INSERT INTO WorkstationType (type_id, type_name) VALUES ('A4578', '600t cold forging stamping press');
INSERT INTO WorkstationType (type_id, type_name) VALUES ('A4588', '600t cold forging precision stamping press');
INSERT INTO WorkstationType (type_id, type_name) VALUES ('A4598', '1000t cold forging precision stamping press');
INSERT INTO WorkstationType (type_id, type_name) VALUES ('S3271', 'Handle rivet');
INSERT INTO WorkstationType (type_id, type_name) VALUES ('K3675', 'Packaging');
INSERT INTO WorkstationType (type_id, type_name) VALUES ('K3676', 'Packaging for large itens');
INSERT INTO WorkstationType (type_id, type_name) VALUES ('C5637', 'Border trimming');
INSERT INTO WorkstationType (type_id, type_name) VALUES ('D9123', 'Spot welding');
INSERT INTO WorkstationType (type_id, type_name) VALUES ('Q5478', 'Teflon application station');
INSERT INTO WorkstationType (type_id, type_name) VALUES ('Q3547', 'Stainless steel polishing');
INSERT INTO WorkstationType (type_id, type_name) VALUES ('T3452', 'Assembly T1');
INSERT INTO WorkstationType (type_id, type_name) VALUES ('G9273', 'Circular glass cutting');
INSERT INTO WorkstationType (type_id, type_name) VALUES ('G9274', 'Glass trimming');
-- Workstations
INSERT INTO Workstation VALUES (9875, 'A4578', 'Press 01');
INSERT INTO Workstation VALUES (9886, 'A4578', 'Press 02');
INSERT INTO Workstation VALUES (9847, 'A4588', 'Press 03');
INSERT INTO Workstation VALUES (9855, 'A4588', 'Press 04');
INSERT INTO Workstation VALUES (8541, 'S3271', 'Rivet 02');
INSERT INTO Workstation VALUES (8543, 'S3271', 'Rivet 03');
INSERT INTO Workstation VALUES (6814, 'K3675', 'Packaging 01');
INSERT INTO Workstation VALUES (6815, 'K3675', 'Packaging 02');
INSERT INTO Workstation VALUES (6816, 'K3675', 'Packaging 03');
INSERT INTO Workstation VALUES (6821, 'K3675', 'Packaging 04');
INSERT INTO Workstation VALUES (6822, 'K3676', 'Packaging 05');
INSERT INTO Workstation VALUES (8167, 'D9123', 'Welding 01');
INSERT INTO Workstation VALUES (8170, 'D9123', 'Welding 02');
INSERT INTO Workstation VALUES (8171, 'D9123', 'Welding 03');
INSERT INTO Workstation VALUES (7235, 'T3452', 'Assembly 01');
INSERT INTO Workstation VALUES (7236, 'T3452', 'Assembly 02');
INSERT INTO Workstation VALUES (7238, 'T3452', 'Assembly 03');
INSERT INTO Workstation VALUES (5124, 'C5637', 'Trimming 01');
INSERT INTO Workstation VALUES (4123, 'Q3547', 'Polishing 01');
INSERT INTO Workstation VALUES (4124, 'Q3547', 'Polishing 02');
INSERT INTO Workstation VALUES (4125, 'Q3547', 'Polishing 03');
-- Raw Materials
INSERT INTO Material VALUES ('PN12344A21', 'Screw M6 35 mm', ' ');
INSERT INTO Material VALUES ('PN52384R50', '300x300 mm 5 mm stainless steel sheet', ' ');
INSERT INTO Material VALUES ('PN52384R10', '300x300 mm 1 mm stainless steel sheet', ' ');
INSERT INTO Material VALUES ('PN18544A21', 'Rivet 6 mm', ' ');
INSERT INTO Material VALUES ('PN18544C21', 'Stainless steel handle model U6', ' ');
INSERT INTO Material VALUES ('PN18324C54', 'Stainless steel handle model R12', ' ');
INSERT INTO Material VALUES ('PN52384R45', '250x250 mm 5mm stainless steel sheet', ' ');
INSERT INTO Material VALUES ('PN52384R12', '250x250 mm 1mm stainless steel sheet', ' ');
INSERT INTO Material VALUES ('PN18324C91', 'Stainless steel handle model S26', ' ');
INSERT INTO Material VALUES ('PN18324C51', 'Stainless steel handle model R11', ' ');
INSERT INTO Material VALUES ('PN94561L67', 'Coolube 2210XP', ' ');
-- Products
INSERT INTO Product VALUES ('AS12945T22', 'La Belle 22 5l pot', 130, '5l 22 cm aluminium and teflon non stick pot');
INSERT INTO Product VALUES ('AS12945S22', 'Pro 22 5l pot', 125, '5l 22 cm stainless steel pot');
INSERT INTO Product VALUES ('AS12946S22', 'Pro 22 5l pot bottom', 125, '5l 22 cm stainless steel pot bottom');
INSERT INTO Product VALUES ('AS12947S22', 'Pro 22 lid', 145, '22 cm stainless steel lid');
INSERT INTO Product VALUES ('AS12945S20', 'Pro 20 3l pot', 125, '3l 20 cm stainless steel pot');
INSERT INTO Product VALUES ('AS12946S20', 'Pro 20 3l pot bottom', 125, '3l 20 cm stainless steel pot bottom');
INSERT INTO Product VALUES ('AS12947S20', 'Pro 20 lid', 145, '20 cm stainless steel lid');
INSERT INTO Product VALUES ('AS12945S17', 'Pro 17 2l pot', 125, '2l 17 cm stainless steel pot');
INSERT INTO Product VALUES ('AS12945P17', 'Pro 17 2l sauce pan', 132, '2l 17 cm stainless steel souce pan');
INSERT INTO Product VALUES ('AS12945S48', 'Pro 17 lid', 145, '17 cm stainless steel lid');
INSERT INTO Product VALUES ('AS12945G48', 'Pro Clear 17 lid', 146, '17 cm glass lid');
INSERT INTO Product VALUES ('IP12945A01', 'stainless steel disc', 130, '250 mm 5 mm stainless steel disc');
INSERT INTO Product VALUES ('IP12945A02', 'pot base phase 1', 130, '220 mm pot base phase 1');
INSERT INTO Product VALUES ('IP12945A03', 'pot base phase 2', 130, '220 mm pot base phase 2');
INSERT INTO Product VALUES ('IP12945A04', 'pot base final', 130, '220 mm pot base final');
INSERT INTO Product VALUES ('IP12947A01', 'stainless steel disc', 130, '250 mm 1 mm stainless steel disc');
INSERT INTO Product VALUES ('IP12947A02', 'lid pressed', 130, '220 mm lid pressed');
INSERT INTO Product VALUES ('IP12947A03', 'lid polished', 130, '220 mm lid polished');
INSERT INTO Product VALUES ('IP12947A04', 'lid with handle', 130, '220 mm lid with handle');
INSERT INTO Product VALUES ('IP12945A32', 'pot base phase 1', 130, '200 mm pot base phase 1');
INSERT INTO Product VALUES ('IP12945A33', 'pot base phase 2', 130, '200 mm pot base phase 2');
INSERT INTO Product VALUES ('IP12945A34', 'pot base final', 130, '200 mm pot base final');
INSERT INTO Product VALUES ('IP12947A32', 'lid pressed', 130, '200 mm lid pressed');
INSERT INTO Product VALUES ('IP12947A33', 'lid polished', 130, '200 mm lid polished');
INSERT INTO Product VALUES ('IP12947A34', 'lid with handle', 130, '200 mm lid with handle');
-- Operations
INSERT INTO Operation VALUES (5647, 'Disc cutting');
INSERT INTO WorkstationType_Operation VALUES (5647, 'A4578');
INSERT INTO WorkstationType_Operation VALUES (5647, 'A4588');
INSERT INTO WorkstationType_Operation VALUES (5647, 'A4598');
INSERT INTO Operation VALUES (5649, 'Initial pot base pressing');
INSERT INTO WorkstationType_Operation VALUES (5649, 'A4588');
INSERT INTO WorkstationType_Operation VALUES (5649, 'A4598');
INSERT INTO Operation VALUES (5651, 'Final pot base pressing');
INSERT INTO WorkstationType_Operation VALUES (5651, 'A4588');
INSERT INTO WorkstationType_Operation VALUES (5651, 'A4598');
INSERT INTO Operation VALUES (5653, 'Pot base finishing');
INSERT INTO WorkstationType_Operation VALUES (5653, 'C5637');
INSERT INTO Operation VALUES (5655, 'Lid pressing');
INSERT INTO WorkstationType_Operation VALUES (5655, 'A4588');
INSERT INTO WorkstationType_Operation VALUES (5655, 'A4598');
INSERT INTO Operation VALUES (5657, 'Lid finishing');
INSERT INTO WorkstationType_Operation VALUES (5657, 'C5637');
INSERT INTO Operation VALUES (5659, 'Pot handles riveting');
INSERT INTO WorkstationType_Operation VALUES (5659, 'S3271');
INSERT INTO Operation VALUES (5661, 'Lid handle screw');
INSERT INTO WorkstationType_Operation VALUES (5661, 'T3452');
INSERT INTO Operation VALUES (5663, 'Pot test and packaging');
INSERT INTO WorkstationType_Operation VALUES (5663, 'K3675');
INSERT INTO Operation VALUES (5665, 'Handle welding');
INSERT INTO WorkstationType_Operation VALUES (5665, 'D9123');
INSERT INTO Operation VALUES (5667, 'Lid polishing');
INSERT INTO WorkstationType_Operation VALUES (5667, 'Q3547');
INSERT INTO Operation VALUES (5669, 'Pot base polishing');
INSERT INTO WorkstationType_Operation VALUES (5669, 'Q3547');
INSERT INTO Operation VALUES (5671, 'Teflon painting');
INSERT INTO WorkstationType_Operation VALUES (5671, 'Q5478');
INSERT INTO Operation VALUES (5681, 'Initial pan base pressing');
INSERT INTO WorkstationType_Operation VALUES (5681, 'A4588');
INSERT INTO WorkstationType_Operation VALUES (5681, 'A4598');
INSERT INTO Operation VALUES (5682, 'Final pan base pressing');
INSERT INTO WorkstationType_Operation VALUES (5682, 'A4588');
INSERT INTO WorkstationType_Operation VALUES (5682, 'A4598');
INSERT INTO Operation VALUES (5683, 'Pan base finishing');
INSERT INTO WorkstationType_Operation VALUES (5683, 'C5637');
INSERT INTO Operation VALUES (5685, 'Handle gluing');
INSERT INTO WorkstationType_Operation VALUES (5685, 'D9123');
INSERT INTO Operation VALUES (5688, 'Pan test and packaging');
INSERT INTO WorkstationType_Operation VALUES (5688, 'K3675');
-- AS12946S22 boo
INSERT INTO Product_Operation VALUES (5647, 'IP12945A01', 1.0, 'unit');
INSERT INTO Product_Materials VALUES ('IP12945A01','PN52384R50',1.0,'unit');
INSERT INTO Product_Operation VALUES (5649, 'IP12945A02', 1.0, 'unit');
INSERT INTO Product_SubProducts VALUES ('IP12945A02','IP12945A01',1.0,'unit');
INSERT INTO Product_Materials VALUES ('IP12945A02','PN94561L67',5.0,'ml');
INSERT INTO Product_Operation VALUES (5651, 'IP12945A03', 1.0, 'unit');
INSERT INTO Product_SubProducts VALUES ('IP12945A03','IP12945A02',1.0,'unit');
INSERT INTO Product_Materials VALUES ('IP12945A03','PN94561L67',5.0,'ml');
INSERT INTO Product_Operation VALUES (5653, 'IP12945A04', 1.0, 'unit');
INSERT INTO Product_SubProducts VALUES ('IP12945A04','IP12945A03',1.0,'unit');
INSERT INTO Product_Operation VALUES (5659, 'AS12946S22', 1.0, 'unit');
INSERT INTO Product_SubProducts VALUES ('AS12946S22','IP12945A04',1.0,'unit');
INSERT INTO Product_Materials VALUES ('AS12946S22','PN18544C21',2.0,'unit');
INSERT INTO Product_Operation VALUES (5647, 'IP12947A01', 1.0, 'unit');
INSERT INTO Product_Materials VALUES ('IP12947A01','PN52384R10',1.0,'unit');
INSERT INTO Product_Operation VALUES (5655, 'IP12947A02', 1.0, 'unit');
INSERT INTO Product_SubProducts VALUES ('IP12947A02','IP12947A01',1.0,'unit');
INSERT INTO Product_Materials VALUES ('IP12947A02','PN94561L67',5.0,'ml');
INSERT INTO Product_Operation VALUES (5657, 'IP12947A03', 1.0, 'unit');
INSERT INTO Product_SubProducts VALUES ('IP12947A03','IP12947A02',1.0,'unit');
INSERT INTO Product_Operation VALUES (5661, 'IP12947A04', 1.0, 'unit');
INSERT INTO Product_SubProducts VALUES ('IP12947A04','IP12947A03',1.0,'unit');
INSERT INTO Product_Materials VALUES ('IP12947A04','PN18324C54',1.0,'unit');
INSERT INTO Product_Operation VALUES (5667, 'AS12947S22', 1.0, 'unit');
INSERT INTO Product_SubProducts VALUES ('AS12947S22','IP12947A04',1.0,'unit');
INSERT INTO Product_Operation VALUES (5663, 'AS12945S22', 1.0, 'unit');
INSERT INTO Product_SubProducts VALUES ('AS12945S22','AS12947S22',1.0,'unit');
INSERT INTO Product_SubProducts VALUES ('AS12945S22','AS12946S22',1.0,'unit');
INSERT INTO Product_Operation VALUES (5649, 'IP12945A32', 1.0, 'unit');
INSERT INTO Product_SubProducts VALUES ('IP12945A32','IP12945A01',1.0,'unit');
INSERT INTO Product_Materials VALUES ('IP12945A32','PN94561L67',5.0,'ml');
INSERT INTO Product_Operation VALUES (5651, 'IP12945A33', 1.0, 'unit');
INSERT INTO Product_SubProducts VALUES ('IP12945A33','IP12945A32',1.0,'unit');
INSERT INTO Product_Materials VALUES ('IP12945A33','PN94561L67',5.0,'ml');
INSERT INTO Product_Operation VALUES (5653, 'IP12945A34', 1.0, 'unit');
INSERT INTO Product_SubProducts VALUES ('IP12945A34','IP12945A33',1.0,'unit');
INSERT INTO Product_Operation VALUES (5659, 'AS12946S20', 1.0, 'unit');
INSERT INTO Product_SubProducts VALUES ('AS12946S20','IP12945A34',1.0,'unit');
INSERT INTO Product_Materials VALUES ('AS12946S20','PN18544C21',2.0,'unit');
INSERT INTO Product_Operation VALUES (5655, 'IP12947A32', 1.0, 'unit');
INSERT INTO Product_SubProducts VALUES ('IP12947A32','IP12947A01',1.0,'unit');
INSERT INTO Product_Materials VALUES ('IP12947A32','PN94561L67',5.0,'ml');
INSERT INTO Product_Operation VALUES (5657, 'IP12947A33', 1.0, 'unit');
INSERT INTO Product_SubProducts VALUES ('IP12947A33','IP12947A32',1.0,'unit');
INSERT INTO Product_Operation VALUES (5661, 'IP12947A34', 1.0, 'unit');
INSERT INTO Product_SubProducts VALUES ('IP12947A34','IP12947A33',1.0,'unit');
INSERT INTO Product_Materials VALUES ('IP12947A34','PN18324C51',1.0,'unit');
INSERT INTO Product_Operation VALUES (5667, 'AS12947S20', 1.0, 'unit');
INSERT INTO Product_SubProducts VALUES ('AS12947S20','IP12947A34',1.0,'unit');
INSERT INTO Product_Operation VALUES (5663, 'AS12945S20', 1.0, 'unit');
INSERT INTO Product_SubProducts VALUES ('AS12945S20','AS12946S20',1.0,'unit');
